{
  "Home_Common_Msg_No": "Message Number",
  "Home_Common_Sender_Init": "Initials of the Sender",
  "Home_Common_Receiver_Init": "Initials of the Receiver",
  "Home_Common_Sender_Msg": "Message from the Sender",
  "Home_Common_Receiver_Reply": "Reply from the Receiver",
  "Home_Common_Urgency": "Urgency Level",
  "Home_Common_Status": "Current Status",
  "Home_Common_Send_Dt": "Date Message Sent",
  "Home_Common_Reply_Dt": "Date Reply Received",
  "Home_Common_Add_Init": "Initials of the Person Adding",
  "Home_Common_Updt_Init": "Initials of the Person Updating",
  "Home_Common_Last_Edtr": "Last Editor's Name",
  "Home_Common_Certifier": "Certifier's Name",
  "Home_Common_Updt_Authority_Level": "Update Authority Level",
  "Home_Common_Certifier_Authority_Level": "Certifier's Authority Level",
  "Home_Common_Add_Date_Time": "Date and Time of Addition",
  "Home_Common_Updt_Date_Time": "Date and Time of Update",
  "Home_Common_Edit_Date_Time": "Date and Time of Edit",
  "Home_Common_Certi_Date_Time": "Date and Time of Certification",
  "Home_EditReq_KREditReq_Kr_Key": "Key for KR Edit Request",
  "Home_EditReq_HPEditReq_Bhandar_Code": "Code for HP Edit Request",
  "Home_EditReq_HPEditReq_Hp_No": "HP Number for Edit Request",
  "Home_EditReq_HPEditReq_Hp_Pet_Key": "HP Pet Key for Edit Request",
  "Home_EditReq_VidEditReq_Vid_No": "Video Number for Edit Request",
  "Home_EditReq_VidGachEditReq_Gach_Key": "Gach Key for Video Edit Request",
  "Home_EditReq_magEditReq_Mag_No": "Magazine Number for Edit Request",
  "Home_EditReq_magEditReq_Ank_No": "Ank Number for Magazine Edit Request",
  "Home_EditReq_magEditReq_Ank_Pet_Key": "Ank Pet Key for Magazine Edit Request",
  "Home_EditReq_pblsrEditReq_Pblsr_Key": "Publisher Key for Edit Request",
  "Home_EditReq_prksnEditReq_Prksn_Key": "Prksn Key for Edit Request",
  "Home_EditReq_prksnEditReq_Prksn_Pet_Key": "Prksn Pet Key for Edit Request",
  "Home_EditReq_magBindEditReq_Bhandar_Code": "Bhandar Code for Magazine Bind Edit Request",
  "Home_EditReq_magBindEditReq_Bind_No": "Bind Number for Magazine Bind Edit Request",
  "Home_EditReq_magBindEditReq_Ank_Copy_Accession_No": "Ank Copy Accession Number for Magazine Bind Edit Request",
  "Home_Common_Unique_Suggestion_Id": "Unique Suggestion Identifier",
  "Home_Common_Unique_Type_Short_Name": "Short Name for Unique Type",
  "Home_Common_Send_Msg": "Send Message",
  "Home_Common_Reply_Msg": "Reply Message",
  "Home_Common_Status_Short_Name": "Short Name for Status",
  "Home_Common_Remark": "Additional Remark",
  "Home_uniqueSuggestion_KrutiUS_Dest_Kr_Key": "Destination Kr Key for Unique Suggestion",
  "Home_uniqueSuggestion_KrutiUS_Src_Kr_Key": "Source Kr Key for Unique Suggestion",
  "Home_uniqueSuggestion_VidUS_Dest_Vid_No": "Destination Video Number for Unique Suggestion",
  "Home_uniqueSuggestion_VidUS_Src_Vid_No": "Source Video Number for Unique Suggestion",
  "Home_uniqueSuggestion_GachUS_Dest_Gach_Key": "Destination Gach Key for Unique Suggestion",
  "Home_uniqueSuggestion_GachUS_Src_Gach_Key": "Source Gach Key for Unique Suggestion",
  "Home_uniqueSuggestion_PrksnUS_Dest_Prksn_Key": "Destination Prksn Key for Unique Suggestion",
  "Home_uniqueSuggestion_PrksnUS_Src_Prksn_Key": "Source Prksn Key for Unique Suggestion",
  "Home_uniqueSuggestion_PblsrUS_Dest_Pblsr_Key": "Destination Publisher Key for Unique Suggestion",
  "Home_uniqueSuggestion_PblsrUS_Src_Pblsr_Key": "Source Publisher Key for Unique Suggestion",
  "Home_DailyWorkLog_Daily_Id": "Identifier for Daily Work Log",
  "Home_DailyWorkLog_Session_DateTime": "Date and Time of Work Session",
  "Home_DailyWorkLog_Leave": "Leave Taken",
  "Home_DailyWorkLog_Half_Day": "Half Day Leave",
  "Home_DailyWorkLog_Duty_Leave": "Duty Leave",
  "Home_DailyWorkLog_Arrival": "Arrival Time",
  "Home_DailyWorkLog_Departure": "Departure Time",
  "Home_DailyWorkLog_Recess": "Recess Time",
  "Home_DailyWorkLog_Tea_Break": "Tea Break Time",
  "Home_DailyWorkLog_Main_Work": "Main Work Description",
  "Home_DailyWorkLog_Main_Desc": "Description of Main Work",
  "Home_DailyWorkLog_Work_Output": "Output of Main Work",
  "Home_DailyWorkLog_Related_Work": "Related Work Description",
  "Home_DailyWorkLog_Related_Desc": "Description of Related Work",
  "Home_DailyWorkLog_Related_Output": "Output of Related Work",
  "Home_DailyWorkLog_Other_Work": "Other Work Description",
  "Home_DailyWorkLog_Other_Desc": "Description of Other Work",
  "Home_DailyWorkLog_Other_Output": "Output of Other Work",
  "Home_DailyWorkLog_Disturb": "Disturbances",
  "Home_DailyWorkLog_Disturb_Desc": "Description of Disturbances",
  "Home_DailyWorkLog_Supervisor_Remark": "Remark from Supervisor",
  "Home_DailyWorkLog_Supervisor_Remark_Date": "Date of Supervisor Remark",
  "Home_DailyWorkLog_User_Reply": "Reply from User",
  "Home_DailyWorkLog_User_Reply_Date": "Date of User Reply",
  "Home_DailyWorkLog_Supervisor_Remark_Status_Code": "Status Code of Supervisor Remark",
  "Home_DailyWorkLog_User_Name": "User's Name",
  "Home_DailyWorkLog_User_Init": "Initials of User",
  "Home_PendingTask_Pending_Id": "Pending Task Identifier",
  "Home_PendingTask_Pending_Work": "Description of Pending Work",
  "Home_PendingTask_P_Date": "Date of Pending Task",
  "Home_PendingTask_Deadline_Dt": "Deadline Date",
  "Home_PendingTask_For_Whom": "For Whom Task is Pending",
  "Home_PendingTask_Main_Attending_Person": "Main Attending Person",
  "Home_PendingTask_Alternate_Attending_Person": "Alternate Attending Person",
  "Home_PendingTask_Reminder_St_Dt": "Reminder Start Date",
  "Home_PendingTask_Attending_User_Group_Short_Name": "Short Name of Attending User Group",
  "Home_PendingTask_Section_Short_Name": "Short Name of Section",
  "Home_PendingTask_Section_Name": "Name of Section",
  "Home_PendingTask_Urgency_Type_Name": "Name of Urgency Type",
  "Home_PendingTask_Urgency_Type_Short_Name": "Short Name of Urgency Type",
  "Home_PendingTask_Status_Name": "Status Name",
  "Home_PendingTask_Status_Short_Name": "Short Name of Status",
  "Home_PendingTask_User_Group_Name": "User Group Name",
  "Home_PendingTask_User_Group_Short_Name": "Short Name of User Group",
  "Home_RoutineWork_Routine_Work_Id": "Routine Work Identifier",
  "Home_RoutineWork_Title": "Title of Routine Work",
  "Home_RoutineWork_Custom_Msg": "Custom Message",
  "Home_RoutineWork_User_Group_Short_Name": "Short Name of User Group",
  "Home_RoutineWork_Main_Attending_Person": "Main Attending Person",
  "Home_RoutineWork_Alternate_Attending_Person": "Alternate Attending Person",
  "Home_RoutineWork_Msg_Dt": "Date of Message",
  "Home_RoutineWork_Start_Remind_Duration_Day": "Start Reminder Duration (Days)",
  "Home_RoutineWork_Duration_Short_Name": "Short Name of Duration",
  "Home_RoutineWork_Duration_Deadline_Dt": "Duration Deadline Date",
  "Home_RoutineWork_Show_Msg": "Show Message",
  "Home_RoutineWork_DoneBy_Init": "Initials of Person Who Completed",
  "Home_RoutineWork_DoneOn_Dt": "Date of Completion",
  "Home_ErrorSuggestions_Error_ID": "Error Identifier",
  "Home_ErrorSuggestions_Error_Description": "Description of the Error",
  "Home_ErrorSuggestions_Error_Status_Description": "Status Description of the Error",
  "Home_ErrorSuggestions_Error_Post_Date": "Date Error was Posted",
  "Home_ErrorSuggestions_Programmer_Remark": "Remark from Programmer",
  "Home_ErrorSuggestions_Type_Of_Error": "Type of Error",
  "Home_ErrorSuggestions_Urgency_Type_Short_Name": "Short Name of Urgency Type",
  "Home_ErrorSuggestions_User_Reply": "Reply from User",
  "Home_ErrorSuggestions_Entity": "Entity Involved",
  "Home_ErrorSuggestions_Entity_Field": "Field in the Entity",
  "Home_ErrorSuggestions_Programmer_Init": "Initials of Programmer",
  "Home_ErrorSuggestions_Error_Solved_Date": "Date Error was Solved",
  "Home_ErrorSuggestions_Error_Image_Path": "Path to Error Image",
  "Home_ErrorSuggestions_User_Init": "Initials of User",
  "Home_HP_InternalIssue_Tran_No": "Transaction Number",
  "Home_HP_InternalIssue_Bhandar_Code": "Bhandar Code",
  "Home_HP_InternalIssue_Hp_No": "HP Number",
  "Home_HP_InternalIssue_Request_On_Dt": "Request Date",
  "Home_HP_InternalIssue_To_Whom": "Recipient",
  "Home_HP_InternalIssue_Issue_Init": "Issue Initials",
  "Home_HP_InternalIssue_Issue_Dt": "Issue Date",
  "Home_HP_InternalIssue_Receiver_Init": "Receiver Initials",
  "Home_HP_InternalIssue_Received_By_User_Dt": "Received Date by User",
  "Home_HP_InternalIssue_Returned_By_User_Dt": "Returned Date by User",
  "Home_HP_InternalIssue_Issue_Type": "Type of Issue",
  "Home_HP_InternalIssue_Request_Cancelled": "Request Cancelled",
  "Home_HP_InternalIssue_Is_Lost": "Is it Lost?",
  "Home_BookOverdue_Bhandar_Code": "Bhandar Code",
  "Home_BookOverdue_Book_No": "Book Number",
  "Home_BookOverdue_Is_Lost": "Is it Lost?",
  "Home_BookOverdue_Issue_Tran_No": "Issue Transaction Number",
  "Home_BookOverdue_Issue_Date": "Issue Date",
  "Home_BookOverdue_Issue_Init": "Issue Initials",
  "Home_BookOverdue_Expected_Date": "Expected Return Date",
  "Home_BookOverdue_Receipt_Dt": "Receipt Date",
  "Home_BookOverdue_Receiver_Init": "Receiver Initials",
  "Home_BookOverdue_Prksn_Nam": "Prksn Name",
  "Home_BookOverdue_Vol_Sub_Vol": "Volume/Sub Volume",
  "Home_BookOverdue_Reader_No": "Reader Number",
  "Home_BookOverdue_Receipt_Tran_No": "Receipt Transaction Number",
  "Home_BookOverdue_Book_Remark": "Remark on Book",
  "Home_BookOverdue_Gatepass_Remark": "Remark on Gatepass",
  "Home_BookOverdue_Detail_Remark": "Detailed Remark",
  "Home_BookOverdue_Prksn_Key": "Prksn Key"
}
