{
  "Home_Common_Msg_No": "Msg No",
  "Home_Common_Sender_Init": "Sender Init",
  "Home_Common_Receiver_Init": "Receiver Init",
  "Home_Common_Sender_Msg": "Sender Msg",
  "Home_Common_Receiver_Reply": "Receiver Reply",
  "Home_Common_Urgency": "Urgency",
  "Home_Common_Status": "Status",
  "Home_Common_Send_Dt": "Send Dt",
  "Home_Common_Reply_Dt": "Reply Dt",
  "Home_Common_Add_Init": "Add Init",
  "Home_Common_Updt_Init": "Updt Init",
  "Home_Common_Last_Edtr": "Last Edtr",
  "Home_Common_Certifier": "Certifier",
  "Home_Common_Updt_Authority_Level": "Updt Authority Level",
  "Home_Common_Certifier_Authority_Level": "Certifier Authority Level",
  "Home_Common_Add_Date_Time": "Add Date Time",
  "Home_Common_Updt_Date_Time": "Updt Date Time",
  "Home_Common_Edit_Date_Time": "Edit Date Time",
  "Home_Common_Certi_Date_Time": "Certi Date Time",
  "Home_EditReq_KREditReq_Kr_Key": "Kr Key",
  "Home_EditReq_HPEditReq_Bhandar_Code": "Bhandar Code",
  "Home_EditReq_HPEditReq_Hp_No": "Hp No",
  "Home_EditReq_HPEditReq_Hp_Pet_Key": "Hp Pet Key",
  "Home_EditReq_VidEditReq_Vid_No": "Vid No",
  "Home_EditReq_VidGachEditReq_Gach_Key": "Gach Key",
  "Home_EditReq_magEditReq_Mag_No": "Mag No",
  "Home_EditReq_magEditReq_Ank_No": "Ank No",
  "Home_EditReq_magEditReq_Ank_Pet_Key": "Ank Pet Key",
  "Home_EditReq_pblsrEditReq_Pblsr_Key": "Pblsr Key",
  "Home_EditReq_prksnEditReq_Prksn_Key": "Prksn Key",
  "Home_EditReq_prksnEditReq_Prksn_Pet_Key": "Prksn Pet Key",
  "Home_EditReq_magBindEditReq_Bhandar_Code": "Bhandar Code",
  "Home_EditReq_magBindEditReq_Bind_No": "Bind No",
  "Home_EditReq_magBindEditReq_Ank_Copy_Accession_No": "Ank Copy Accession No",
  "Home_Common_Unique_Suggestion_Id": "Unique Suggestion Id",
  "Home_Common_Unique_Type_Short_Name": "Unique Type Short Name",
  "Home_Common_Send_Msg": "Send Msg",
  "Home_Common_Reply_Msg": "Reply Msg",
  "Home_Common_Status_Short_Name": "Status Short Name",
  "Home_Common_Remark": "Remark",
  "Home_uniqueSuggestion_KrutiUS_Dest_Kr_Key": "Guj Destination Kr Key",
  "Home_uniqueSuggestion_KrutiUS_Src_Kr_Key": "Source Kr Key",
  "Home_uniqueSuggestion_VidUS_Dest_Vid_No": "Destination Vid No",
  "Home_uniqueSuggestion_VidUS_Src_Vid_No": "Source Vid No",
  "Home_uniqueSuggestion_GachUS_Dest_Gach_Key": "Destination Gach Key",
  "Home_uniqueSuggestion_GachUS_Src_Gach_Key": "Source Gach Key",
  "Home_uniqueSuggestion_PrksnUS_Dest_Prksn_Key": "Destination Prksn Key",
  "Home_uniqueSuggestion_PrksnUS_Src_Prksn_Key": "Source Prksn Key",
  "Home_uniqueSuggestion_PblsrUS_Dest_Pblsr_Key": "Destination Pblsr Key",
  "Home_uniqueSuggestion_PblsrUS_Src_Pblsr_Key": "Source Pblsr Key",
  "Home_DailyWorkLog_Daily_Id": "Daily Id",
  "Home_DailyWorkLog_Session_DateTime": "Session DateTime",
  "Home_DailyWorkLog_Leave": "Leave",
  "Home_DailyWorkLog_Half_Day": "Half Day",
  "Home_DailyWorkLog_Duty_Leave": "Duty Leave",
  "Home_DailyWorkLog_Arrival": "Arrival",
  "Home_DailyWorkLog_Departure": "Departure",
  "Home_DailyWorkLog_Recess": "Recess",
  "Home_DailyWorkLog_Tea_Break": "Tea Break",
  "Home_DailyWorkLog_Main_Work": "Main Work",
  "Home_DailyWorkLog_Main_Desc": "Main Desc",
  "Home_DailyWorkLog_Work_Output": "Work Output",
  "Home_DailyWorkLog_Related_Work": "Related Work",
  "Home_DailyWorkLog_Related_Desc": "Related Desc",
  "Home_DailyWorkLog_Related_Output": "Related Output",
  "Home_DailyWorkLog_Other_Work": "Other Work",
  "Home_DailyWorkLog_Other_Desc": "Other Desc",
  "Home_DailyWorkLog_Other_Output": "Other Output",
  "Home_DailyWorkLog_Disturb": "Disturb",
  "Home_DailyWorkLog_Disturb_Desc": "Disturb Desc",
  "Home_DailyWorkLog_Supervisor_Remark": "Supervisor Remark",
  "Home_DailyWorkLog_Supervisor_Remark_Date": "Supervisor Remark Date",
  "Home_DailyWorkLog_User_Reply": "User Reply",
  "Home_DailyWorkLog_User_Reply_Date": "User Reply Date",
  "Home_DailyWorkLog_Supervisor_Remark_Status_Code": "Supervisor Remark Status Code",
  "Home_DailyWorkLog_User_Name": "User Name",
  "Home_DailyWorkLog_User_Init": "User Init",
  "Home_PendingTask_Pending_Id": "Pending Id",
  "Home_PendingTask_Pending_Work": "Pending Work",
  "Home_PendingTask_P_Date": "P Date",
  "Home_PendingTask_Deadline_Dt": "Deadline Dt",
  "Home_PendingTask_For_Whom": "For Whom",
  "Home_PendingTask_Main_Attending_Person": "Main Attending Person",
  "Home_PendingTask_Alternate_Attending_Person": "Alternate Attending Person",
  "Home_PendingTask_Reminder_St_Dt": "Reminder St Dt",
  "Home_PendingTask_Attending_User_Group_Short_Name": "Attending User Group Short Name",
  "Home_PendingTask_Section_Short_Name": "Section Short Name",
  "Home_PendingTask_Section_Name": "Section Name",
  "Home_PendingTask_Urgency_Type_Name": "Urgency Type Name",
  "Home_PendingTask_Urgency_Type_Short_Name": "Urgency Type Short Name",
  "Home_PendingTask_Status_Name": "Status Name",
  "Home_PendingTask_Status_Short_Name": "Status Short Name",
  "Home_PendingTask_User_Group_Name": "User Group Name",
  "Home_PendingTask_User_Group_Short_Name": "User Group Short Name",
  "Home_RoutineWork_Routine_Work_Id": "Routine Work Id",
  "Home_RoutineWork_Title": "Title",
  "Home_RoutineWork_Custom_Msg": "Custom Msg",
  "Home_RoutineWork_User_Group_Short_Name": "User Group Short Name",
  "Home_RoutineWork_Main_Attending_Person": "Main Attending Person",
  "Home_RoutineWork_Alternate_Attending_Person": "Alternate Attending Person",
  "Home_RoutineWork_Msg_Dt": "Msg Dt",
  "Home_RoutineWork_Start_Remind_Duration_Day": "Start Remind Duration Day",
  "Home_RoutineWork_Duration_Short_Name": "Duration Short Name",
  "Home_RoutineWork_Duration_Deadline_Dt": "Duration Deadline Dt",
  "Home_RoutineWork_Show_Msg": "Show Msg",
  "Home_RoutineWork_DoneBy_Init": "DoneBy Init",
  "Home_RoutineWork_DoneOn_Dt": "DoneOn Dt",
  "Home_ErrorSuggestions_Error_ID": "Error ID",
  "Home_ErrorSuggestions_Error_Description": "Error Description",
  "Home_ErrorSuggestions_Error_Status_Description": "Error Status Description",
  "Home_ErrorSuggestions_Error_Post_Date": "Error Post Date",
  "Home_ErrorSuggestions_Programmer_Remark": "Programmer Remark",
  "Home_ErrorSuggestions_Type_Of_Error": "Type Of Error",
  "Home_ErrorSuggestions_Urgency_Type_Short_Name": "Urgency Type Short Name",
  "Home_ErrorSuggestions_User_Reply": "User Reply",
  "Home_ErrorSuggestions_Entity": "Entity",
  "Home_ErrorSuggestions_Entity_Field": "Entity Field",
  "Home_ErrorSuggestions_Programmer_Init": "Programmer Init",
  "Home_ErrorSuggestions_Error_Solved_Date": "Error Solved Date",
  "Home_ErrorSuggestions_Error_Image_Path": "Error Image Path",
  "Home_ErrorSuggestions_User_Init": "User Init",
  "Home_HP_InternalIssue_Tran_No": "Tran No",
  "Home_HP_InternalIssue_Bhandar_Code": "Bhandar Code",
  "Home_HP_InternalIssue_Hp_No": "Hp No",
  "Home_HP_InternalIssue_Request_On_Dt": "Request On Dt",
  "Home_HP_InternalIssue_To_Whom": "To Whom",
  "Home_HP_InternalIssue_Issue_Init": "Issue Init",
  "Home_HP_InternalIssue_Issue_Dt": "Issue Dt",
  "Home_HP_InternalIssue_Receiver_Init": "Receiver Init",
  "Home_HP_InternalIssue_Received_By_User_Dt": "Received By User Dt",
  "Home_HP_InternalIssue_Returned_By_User_Dt": "Returned By User Dt",
  "Home_HP_InternalIssue_Issue_Type": "Issue Type",
  "Home_HP_InternalIssue_Request_Cancelled": "Request Cancelled",
  "Home_HP_InternalIssue_Is_Lost": "Is Lost",
  "Home_BookOverdue_Bhandar_Code": "Bhandar Code",
  "Home_BookOverdue_Book_No": "Book No",
  "Home_BookOverdue_Is_Lost": "Is Lost",
  "Home_BookOverdue_Issue_Tran_No": "Issue Tran No",
  "Home_BookOverdue_Issue_Date": "Issue Date",
  "Home_BookOverdue_Issue_Init": "Issue Init",
  "Home_BookOverdue_Expected_Date": "Expected Date",
  "Home_BookOverdue_Receipt_Dt": "Receipt Dt",
  "Home_BookOverdue_Receiver_Init": "Receiver Init",
  "Home_BookOverdue_Prksn_Nam": "Prksn Nam",
  "Home_BookOverdue_Vol_Sub_Vol": "Vol/Sub Vol",
  "Home_BookOverdue_Reader_No": "Reader No",
  "Home_BookOverdue_Receipt_Tran_No": "Receipt Tran No",
  "Home_BookOverdue_Book_Remark": "Book Remark",
  "Home_BookOverdue_Gatepass_Remark": "Gatepass Remark",
  "Home_BookOverdue_Detail_Remark": "Detail Remark",
  "Home_BookOverdue_Prksn_Key": "Prksn Key"
}