{
  "Home_Common_Msg_No": "સંદેશ નંબર",
  "Home_Common_Sender_Init": "પ્રેષક આઈડી",
  "Home_Common_Receiver_Init": "પ્રાપ્તકર્તા આઈડી",
  "Home_Common_Sender_Msg": "પ્રેષક સંદેશ",
  "Home_Common_Receiver_Reply": "પ્રાપ્તકર્તા જવાબ",
  "Home_Common_Urgency": "જરૂરિયાત",
  "Home_Common_Status": "સ્થિતિ",
  "Home_Common_Send_Dt": "પ્રેષણ તારીખ",
  "Home_Common_Reply_Dt": "જવાબ તારીખ",
  "Home_Common_Add_Init": "પ્રવેશ કરનાર",
  "Home_Common_Updt_Init": "અપડેટ કરનાર",
  "Home_Common_Last_Edtr": "અંતિમ સંપાદક",
  "Home_Common_Certifier": "પ્રમાણિતકર્તા",
  "Home_Common_Updt_Authority_Level": "અપડેટ સત્તા સ્તર",
  "Home_Common_Certifier_Authority_Level": "પ્રમાણિતકર્તા સત્તા સ્તર",
  "Home_Common_Add_Date_Time": "પ્રવેશ તારીખ અને સમય",
  "Home_Common_Updt_Date_Time": "અપડેટ તારીખ અને સમય",
  "Home_Common_Edit_Date_Time": "સંપાદન તારીખ અને સમય",
  "Home_Common_Certi_Date_Time": "પ્રમાણન તારીખ અને સમય",
  "Home_EditReq_KREditReq_Kr_Key": "કૃતિ આઈડી",
  "Home_EditReq_HPEditReq_Bhandar_Code": "ભંડાર કોડ",
  "Home_EditReq_HPEditReq_Hp_No": "હસપ્રત નંબર",
  "Home_EditReq_HPEditReq_Hp_Pet_Key": "હસપ્રત પેટી આઈડી",
  "Home_EditReq_VidEditReq_Vid_No": "વિદ્વાન નંબર",
  "Home_EditReq_VidGachEditReq_Gach_Key": "ગચ આઈડી",
  "Home_EditReq_magEditReq_Mag_No": "પત્રિકા નંબર",
  "Home_EditReq_magEditReq_Ank_No": "અંક નંબર",
  "Home_EditReq_magEditReq_Ank_Pet_Key": "અંક પેટી આઈડી",
  "Home_EditReq_pblsrEditReq_Pblsr_Key": "પ્રકાશક આઈડી",
  "Home_EditReq_prksnEditReq_Prksn_Key": "પ્રકાશન આઈડી",
  "Home_EditReq_prksnEditReq_Prksn_Pet_Key": "પ્રકાશન પેટી આઈડી",
  "Home_EditReq_magBindEditReq_Bhandar_Code": "ભંડાર કોડ",
  "Home_EditReq_magBindEditReq_Bind_No": "બંધન નંબર",
  "Home_EditReq_magBindEditReq_Ank_Copy_Accession_No": "અંક નકલ પ્રવેશ નંબર",
  "Home_Common_Unique_Suggestion_Id": "યુનિક સૂચન આઈડી",
  "Home_Common_Unique_Type_Short_Name": "યુનિક પ્રકાર સંક્ષિપ્ત નામ",
  "Home_Common_Send_Msg": "સંદેશ મોકલો",
  "Home_Common_Reply_Msg": "સંદેશનો જવાબ",
  "Home_Common_Status_Short_Name": "સ્થિતિ સંક્ષિપ્ત નામ",
  "Home_Common_Remark": "ટિપ્પણી",
  "Home_uniqueSuggestion_KrutiUS_Dest_Kr_Key": "ગંતવ્ય કૃતિ આઈડી",
  "Home_uniqueSuggestion_KrutiUS_Src_Kr_Key": "સ્ત્રોત કૃતિ આઈડી",
  "Home_uniqueSuggestion_VidUS_Dest_Vid_No": "ગંતવ્ય વિદ્વાન નંબર",
  "Home_uniqueSuggestion_VidUS_Src_Vid_No": "સ્ત્રોત વિદ્વાન નંબર",
  "Home_uniqueSuggestion_GachUS_Dest_Gach_Key": "ગંતવ્ય ગચ આઈડી",
  "Home_uniqueSuggestion_GachUS_Src_Gach_Key": "સ્ત્રોત ગચ આઈડી",
  "Home_uniqueSuggestion_PrksnUS_Dest_Prksn_Key": "ગંતવ્ય પ્રકાશન આઈડી",
  "Home_uniqueSuggestion_PrksnUS_Src_Prksn_Key": "સ્ત્રોત પ્રકાશન આઈડી",
  "Home_uniqueSuggestion_PblsrUS_Dest_Pblsr_Key": "ગંતવ્ય પ્રકાશક આઈડી",
  "Home_uniqueSuggestion_PblsrUS_Src_Pblsr_Key": "સ્ત્રોત પ્રકાશક આઈડી",
  "Home_DailyWorkLog_Daily_Id": "દૈનિક આઈડી",
  "Home_DailyWorkLog_Session_DateTime": "કાર્ય સત્રની તારીખ અને સમય",
  "Home_DailyWorkLog_Leave": "રજા",
  "Home_DailyWorkLog_Half_Day": "અર્ધા દિવસ",
  "Home_DailyWorkLog_Duty_Leave": "ડ્યુટી છૂટ",
  "Home_DailyWorkLog_Arrival": "આગમન",
  "Home_DailyWorkLog_Departure": "વિદાય",
  "Home_DailyWorkLog_Recess": "વિરામ",
  "Home_DailyWorkLog_Tea_Break": "ચા વિરામ",
  "Home_DailyWorkLog_Main_Work": "મુખ્ય કામ",
  "Home_DailyWorkLog_Main_Desc": "મુખ્ય વર્ણન",
  "Home_DailyWorkLog_Work_Output": "કામનું આઉટપુટ",
  "Home_DailyWorkLog_Related_Work": "સંબંધિત કામ",
  "Home_DailyWorkLog_Related_Desc": "સંબંધિત વર્ણન",
  "Home_DailyWorkLog_Related_Output": "સંબંધિત આઉટપુટ",
  "Home_DailyWorkLog_Other_Work": "અન્ય કામ",
  "Home_DailyWorkLog_Other_Desc": "અન્ય વર્ણન",
  "Home_DailyWorkLog_Other_Output": "અન્ય આઉટપુટ",
  "Home_DailyWorkLog_Disturb": "વિશ્રામ",
  "Home_DailyWorkLog_Disturb_Desc": "વિશ્રામ વર્ણન",
  "Home_DailyWorkLog_Supervisor_Remark": "સુપર્વાઇઝર ટિપ્પણી",
  "Home_DailyWorkLog_Supervisor_Remark_Date": "સુપર્વાઇઝર ટિપ્પણી તારીખ",
  "Home_DailyWorkLog_User_Reply": "વપરાશકર્તા જવાબ",
  "Home_DailyWorkLog_User_Reply_Date": "વપરાશકર્તા જવાબ તારીખ",
  "Home_DailyWorkLog_Supervisor_Remark_Status_Code": "સુપર્વાઇઝર ટિપ્પણી સ્થિતિ કોડ",
  "Home_DailyWorkLog_User_Name": "વપરાશકર્તાનું નામ",
  "Home_DailyWorkLog_User_Init": "વપરાશકર્તા પહેલું અક્ષર",
  "Home_PendingTask_Pending_Id": "ગંતવ્ય પેન્ડિંગ આઈડી",
  "Home_PendingTask_Pending_Work": "પેન્ડિંગ કામ",
  "Home_PendingTask_P_Date": "પી તારીખ",
  "Home_PendingTask_Deadline_Dt": "ડેડલાઇન તારીખ",
  "Home_PendingTask_For_Whom": "કોઈ માટે",
  "Home_PendingTask_Main_Attending_Person": "મુખ્ય ઉપસ્થિત વ્યક્તિ",
  "Home_PendingTask_Alternate_Attending_Person": "વૈકલ્પિક ઉપસ્થિત વ્યક્તિ",
  "Home_PendingTask_Reminder_St_Dt": "યાદગીરી શરૂ તારીખ",
  "Home_PendingTask_Attending_User_Group_Short_Name": "ઉપસ્થિત વપરાશકર્તા ગ્રુપ સંક્ષિપ્ત નામ",
  "Home_PendingTask_Section_Short_Name": "વિભાગ સંક્ષિપ્ત નામ",
  "Home_PendingTask_Section_Name": "વિભાગ નામ",
  "Home_PendingTask_Urgency_Type_Name": "આવશ્યકતા પ્રકાર નામ",
  "Home_PendingTask_Urgency_Type_Short_Name": "આવશ્યકતા પ્રકાર સંક્ષિપ્ત નામ",
  "Home_PendingTask_Status_Name": "સ્થિતિ નામ",
  "Home_PendingTask_Status_Short_Name": "સ્થિતિ સંક્ષિપ્ત નામ",
  "Home_PendingTask_User_Group_Name": "વપરાશકર્તા ગ્રુપ નામ",
  "Home_PendingTask_User_Group_Short_Name": "વપરાશકર્તા ગ્રુપ સંક્ષિપ્ત નામ",
  "Home_RoutineWork_Routine_Work_Id": "રૂટિન કામ આઈડી",
  "Home_RoutineWork_Title": "શીર્ષક",
  "Home_RoutineWork_Custom_Msg": "કસ્ટમ સંદેશ",
  "Home_RoutineWork_User_Group_Short_Name": "વપરાશકર્તા ગ્રુપ સંક્ષિપ્ત નામ",
  "Home_RoutineWork_Main_Attending_Person": "મુખ્ય ઉપસ્થિત વ્યક્તિ",
  "Home_RoutineWork_Alternate_Attending_Person": "વૈકલ્પિક ઉપસ્થિત વ્યક્તિ",
  "Home_RoutineWork_Msg_Dt": "સંદેશ તારીખ",
  "Home_RoutineWork_Start_Remind_Duration_Day": "આરંભ યાદગાર અવધિ દિવસ",
  "Home_RoutineWork_Duration_Short_Name": "અવધિ સંક્ષિપ્ત નામ",
  "Home_RoutineWork_Duration_Deadline_Dt": "અવધિ ડેડલાઇન તારીખ",
  "Home_RoutineWork_Show_Msg": "સંદેશ બતાવો",
  "Home_RoutineWork_DoneBy_Init": "કરનાર પહેલું અક્ષર",
  "Home_RoutineWork_DoneOn_Dt": "કરવામાં આવેલી તારીખ",
  "Home_ErrorSuggestions_Error_ID": "ત્રુટિ આઈડી",
  "Home_ErrorSuggestions_Error_Description": "ત્રુટિ વર્ણન",
  "Home_ErrorSuggestions_Error_Status_Description": "ત્રુટિ સ્થિતિ વર્ણન",
  "Home_ErrorSuggestions_Error_Post_Date": "ત્રુટિ પોસ્ટ તારીખ",
  "Home_ErrorSuggestions_Programmer_Remark": "પ્રોગ્રામર નોંધ",
  "Home_ErrorSuggestions_Type_Of_Error": "ત્રુટિનો પ્રકાર",
  "Home_ErrorSuggestions_Urgency_Type_Short_Name": "આવશ્યકતા પ્રકાર સંક્ષિપ્ત નામ",
  "Home_ErrorSuggestions_User_Reply": "વપરાશકર્તા જવાબ",
  "Home_ErrorSuggestions_Entity": "એન્ટિટી",
  "Home_ErrorSuggestions_Entity_Field": "એન્ટિટી ફીલ્ડ",
  "Home_ErrorSuggestions_Programmer_Init": "પ્રોગ્રામર પહેલું અક્ષર",
  "Home_ErrorSuggestions_Error_Solved_Date": "ત્રુટિ ઉકેલેલી તારીખ",
  "Home_ErrorSuggestions_Error_Image_Path": "ત્રુટિ છબી પાથ",
  "Home_ErrorSuggestions_User_Init": "વપરાશકર્તા પહેલું અક્ષર",
  "Home_HP_InternalIssue_Tran_No": "ટ્રાન્સકશન નંબર",
  "Home_HP_InternalIssue_Bhandar_Code": "ભંડાર કોડ",
  "Home_HP_InternalIssue_Hp_No": "હપ નંબર",
  "Home_HP_InternalIssue_Request_On_Dt": "આરક્ષણ પર તારીખ",
  "Home_HP_InternalIssue_To_Whom": "કોઈને",
  "Home_HP_InternalIssue_Issue_Init": "મસલા પ્રારંભિક",
  "Home_HP_InternalIssue_Issue_Dt": "મસલા તારીખ",
  "Home_HP_InternalIssue_Receiver_Init": "પ્રાપ્તકર્તા પ્રારંભિક",
  "Home_HP_InternalIssue_Received_By_User_Dt": "વપરાશકર્તા દ્વારા પ્રાપ્ત તારીખ",
  "Home_HP_InternalIssue_Returned_By_User_Dt": "વપરાશકર્તા દ્વારા પાછું આપેલી તારીખ",
  "Home_HP_InternalIssue_Issue_Type": "મસલાની પ્રકાર",
  "Home_HP_InternalIssue_Request_Cancelled": "વિનંતી રદ",
  "Home_HP_InternalIssue_Is_Lost": "ખોઈ ગયું છે",
  "Home_BookOverdue_Bhandar_Code": "ભંડાર કોડ",
  "Home_BookOverdue_Book_No": "પુસ્તક નંબર",
  "Home_BookOverdue_Is_Lost": "ખોઈ ગયું છે",
  "Home_BookOverdue_Issue_Tran_No": "પ્રસંગ ટران્ઝેક્શન નંબર",
  "Home_BookOverdue_Issue_Date": "પ્રસંગ તારીખ",
  "Home_BookOverdue_Issue_Init": "પ્રસંગ પ્રારંભિક",
  "Home_BookOverdue_Expected_Date": "અમે અપેક્ષિત તારીખ",
  "Home_BookOverdue_Receipt_Dt": "પ્રમાણપત્ર તારીખ",
  "Home_BookOverdue_Receiver_Init": "પ્રાપ્તકર્તા પ્રારંભિક",
  "Home_BookOverdue_Prksn_Nam": "પ્રકાશન નામ",
  "Home_BookOverdue_Vol_Sub_Vol": "ખંડ/ઉપ-ખંડ",
  "Home_BookOverdue_Reader_No": "વાંચક નંબર",
  "Home_BookOverdue_Receipt_Tran_No": "પ્રમાણપત્ર ટ્રાન્ઝેક્શન નંબર",
  "Home_BookOverdue_Book_Remark": "પુસ્તક નોંધ",
  "Home_BookOverdue_Gatepass_Remark": "ગેટ પાસ નોંધ",
  "Home_BookOverdue_Detail_Remark": "વિશેષ નોંધ",
  "Home_BookOverdue_Prksn_Key": "પ્રકાશન કી"
}