{
  "Home_Common_Msg_No": "संदेश संख्या",
  "Home_Common_Sender_Init": "प्रेषक आईडी",
  "Home_Common_Receiver_Init": "प्राप्तकर्ता आईडी",
  "Home_Common_Sender_Msg": "प्रेषक संदेश",
  "Home_Common_Receiver_Reply": "प्राप्तकर्ता उत्तर",
  "Home_Common_Urgency": "आवश्यकता",
  "Home_Common_Status": "स्थिति",
  "Home_Common_Send_Dt": "प्रेषण तिथि",
  "Home_Common_Reply_Dt": "उत्तर तिथि",
  "Home_Common_Add_Init": "प्रवेश करने वाला",
  "Home_Common_Updt_Init": "अपडेट करने वाला",
  "Home_Common_Last_Edtr": "अंतिम संपादक",
  "Home_Common_Certifier": "प्रमाणक",
  "Home_Common_Updt_Authority_Level": "अपडेट प्राधिकरण स्तर",
  "Home_Common_Certifier_Authority_Level": "प्रमाणक प्राधिकरण स्तर",
  "Home_Common_Add_Date_Time": "प्रवेश तिथि और समय",
  "Home_Common_Updt_Date_Time": "अपडेट तिथि और समय",
  "Home_Common_Edit_Date_Time": "संपादन तिथि और समय",
  "Home_Common_Certi_Date_Time": "प्रमाणन तिथि और समय",
  "Home_EditReq_KREditReq_Kr_Key": "कृति आईडी",
  "Home_EditReq_HPEditReq_Bhandar_Code": "भंडार कोड",
  "Home_EditReq_HPEditReq_Hp_No": "हसप्रात संख्या",
  "Home_EditReq_HPEditReq_Hp_Pet_Key": "हसप्रात पेटी आईडी",
  "Home_EditReq_VidEditReq_Vid_No": "विद्वान संख्या",
  "Home_EditReq_VidGachEditReq_Gach_Key": "गच आईडी",
  "Home_EditReq_magEditReq_Mag_No": "पत्रिका संख्या",
  "Home_EditReq_magEditReq_Ank_No": "अंक संख्या",
  "Home_EditReq_magEditReq_Ank_Pet_Key": "अंक पेटी आईडी",
  "Home_EditReq_pblsrEditReq_Pblsr_Key": "प्रकाशक आईडी",
  "Home_EditReq_prksnEditReq_Prksn_Key": "प्रकाशन आईडी",
  "Home_EditReq_prksnEditReq_Prksn_Pet_Key": "प्रकाशन पेटी आईडी",
  "Home_EditReq_magBindEditReq_Bhandar_Code": "भंडार कोड",
  "Home_EditReq_magBindEditReq_Bind_No": "बंधन संख्या",
  "Home_EditReq_magBindEditReq_Ank_Copy_Accession_No": "अंक प्रति प्रवेश संख्या",
  "Home_Common_Unique_Suggestion_Id": "यूनिक सुझाव आईडी",
  "Home_Common_Unique_Type_Short_Name": "यूनिक प्रकार संक्षिप्त नाम",
  "Home_Common_Send_Msg": "संदेश भेजें",
  "Home_Common_Reply_Msg": "संदेश का उत्तर",
  "Home_Common_Status_Short_Name": "स्थिति संक्षिप्त नाम",
  "Home_Common_Remark": "टिप्पणी",
  "Home_uniqueSuggestion_KrutiUS_Dest_Kr_Key": "गंतव्य कृति आईडी",
  "Home_uniqueSuggestion_KrutiUS_Src_Kr_Key": "स्रोत कृति आईडी",
  "Home_uniqueSuggestion_VidUS_Dest_Vid_No": "गंतव्य विद्वान संख्या",
  "Home_uniqueSuggestion_VidUS_Src_Vid_No": "स्रोत विद्वान संख्या",
  "Home_uniqueSuggestion_GachUS_Dest_Gach_Key": "गंतव्य गच आईडी",
  "Home_uniqueSuggestion_GachUS_Src_Gach_Key": "स्रोत गच आईडी",
  "Home_uniqueSuggestion_PrksnUS_Dest_Prksn_Key": "गंतव्य प्रकाशन आईडी",
  "Home_uniqueSuggestion_PrksnUS_Src_Prksn_Key": "स्रोत प्रकाशन आईडी",
  "Home_uniqueSuggestion_PblsrUS_Dest_Pblsr_Key": "गंतव्य प्रकाशक आईडी",
  "Home_uniqueSuggestion_PblsrUS_Src_Pblsr_Key": "स्रोत प्रकाशक आईडी",
  "Home_DailyWorkLog_Daily_Id": "दैनिक आईडी",
  "Home_DailyWorkLog_Session_DateTime": "कार्य तिथि",
  "Home_DailyWorkLog_Leave": "अवकाश",
  "Home_DailyWorkLog_Half_Day": "आधा दिन",
  "Home_DailyWorkLog_Duty_Leave": "ड्यूटी अवकाश",
  "Home_DailyWorkLog_Arrival": "आगमन",
  "Home_DailyWorkLog_Departure": "प्रस्थान",
  "Home_DailyWorkLog_Recess": "विश्राम",
  "Home_DailyWorkLog_Tea_Break": "चाय का विश्राम",
  "Home_DailyWorkLog_Main_Work": "मुख्य कार्य",
  "Home_DailyWorkLog_Main_Desc": "मुख्य विवरण",
  "Home_DailyWorkLog_Work_Output": "कार्य का परिणाम",
  "Home_DailyWorkLog_Related_Work": "संबंधित कार्य",
  "Home_DailyWorkLog_Related_Desc": "संबंधित विवरण",
  "Home_DailyWorkLog_Related_Output": "संबंधित परिणाम",
  "Home_DailyWorkLog_Other_Work": "अन्य कार्य",
  "Home_DailyWorkLog_Other_Desc": "अन्य विवरण",
  "Home_DailyWorkLog_Other_Output": "अन्य परिणाम",
  "Home_DailyWorkLog_Disturb": "अवरोध",
  "Home_DailyWorkLog_Disturb_Desc": "अवरोध विवरण",
  "Home_DailyWorkLog_Supervisor_Remark": "सुपरवाइजर टिप्पणी",
  "Home_DailyWorkLog_Supervisor_Remark_Date": "सुपरवाइजर टिप्पणी तिथि",
  "Home_DailyWorkLog_User_Reply": "उपयोगकर्ता उत्तर",
  "Home_DailyWorkLog_User_Reply_Date": "उपयोगकर्ता उत्तर तिथि",
  "Home_DailyWorkLog_Supervisor_Remark_Status_Code": "सुपरवाइजर टिप्पणी स्थिति कोड",
  "Home_DailyWorkLog_User_Name": "उपयोगकर्ता का नाम",
  "Home_DailyWorkLog_User_Init": "उपयोगकर्ता का पहला अक्षर",
  "Home_PendingTask_Pending_Id": "पेंडिंग आईडी",
  "Home_PendingTask_Pending_Work": "पेंडिंग कार्य",
  "Home_PendingTask_P_Date": "पी तिथि",
  "Home_PendingTask_Deadline_Dt": "डेडलाइन तिथि",
  "Home_PendingTask_For_Whom": "किसके लिए",
  "Home_PendingTask_Main_Attending_Person": "मुख्य उपस्थित व्यक्ति",
  "Home_PendingTask_Alternate_Attending_Person": "वैकल्पिक उपस्थित व्यक्ति",
  "Home_PendingTask_Reminder_St_Dt": "रिमाइंडर प्रारंभ तिथि",
  "Home_PendingTask_Attending_User_Group_Short_Name": "उपस्थित उपयोगकर्ता समूह संक्षिप्त नाम",
  "Home_PendingTask_Section_Short_Name": "अनुभाग संक्षिप्त नाम",
  "Home_PendingTask_Section_Name": "अनुभाग नाम",
  "Home_PendingTask_Urgency_Type_Name": "आवश्यकता प्रकार का नाम",
  "Home_PendingTask_Urgency_Type_Short_Name": "आवश्यकता प्रकार संक्षिप्त नाम",
  "Home_PendingTask_Status_Name": "स्थिति नाम",
  "Home_PendingTask_Status_Short_Name": "स्थिति संक्षिप्त नाम",
  "Home_PendingTask_User_Group_Name": "उपयोगकर्ता समूह नाम",
  "Home_PendingTask_User_Group_Short_Name": "उपयोगकर्ता समूह संक्षिप्त नाम",
  "Home_RoutineWork_Routine_Work_Id": "रूटीन कार्य आईडी",
  "Home_RoutineWork_Title": "शीर्षक",
  "Home_RoutineWork_Custom_Msg": "कस्टम संदेश",
  "Home_RoutineWork_User_Group_Short_Name": "उपयोगकर्ता समूह संक्षिप्त नाम",
  "Home_RoutineWork_Main_Attending_Person": "मुख्य उपस्थित व्यक्ति",
  "Home_RoutineWork_Alternate_Attending_Person": "वैकल्पिक उपस्थित व्यक्ति",
  "Home_RoutineWork_Msg_Dt": "संदेश तिथि",
  "Home_RoutineWork_Start_Remind_Duration_Day": "आरंभ रिमाइंडर अवधि दिन",
  "Home_RoutineWork_Duration_Short_Name": "अवधि संक्षिप्त नाम",
  "Home_RoutineWork_Duration_Deadline_Dt": "अवधि डेडलाइन तिथि",
  "Home_RoutineWork_Show_Msg": "संदेश दिखाएं",
  "Home_RoutineWork_DoneBy_Init": "करने वाला प्रारंभिक",
  "Home_RoutineWork_DoneOn_Dt": "करने की तिथि",
  "Home_ErrorSuggestions_Error_ID": "त्रुटि आईडी",
  "Home_ErrorSuggestions_Error_Description": "त्रुटि विवरण",
  "Home_ErrorSuggestions_Error_Status_Description": "त्रुटि स्थिति विवरण",
  "Home_ErrorSuggestions_Error_Post_Date": "त्रुटि पोस्ट तिथि",
  "Home_ErrorSuggestions_Programmer_Remark": "प्रोग्रामर टिप्पणी",
  "Home_ErrorSuggestions_Type_Of_Error": "त्रुटि का प्रकार",
  "Home_ErrorSuggestions_Urgency_Type_Short_Name": "आवश्यकता प्रकार संक्षिप्त नाम",
  "Home_ErrorSuggestions_User_Reply": "उपयोगकर्ता उत्तर",
  "Home_ErrorSuggestions_Entity": "संस्था",
  "Home_ErrorSuggestions_Entity_Field": "संस्था क्षेत्र",
  "Home_ErrorSuggestions_Programmer_Init": "प्रोग्रामर प्रारंभिक",
  "Home_ErrorSuggestions_Error_Solved_Date": "त्रुटि हल की तिथि",
  "Home_ErrorSuggestions_Error_Image_Path": "त्रुटि छवि पथ",
  "Home_ErrorSuggestions_User_Init": "उपयोगकर्ता प्रारंभिक",
  "Home_HP_InternalIssue_Tran_No": "लेन-देन संख्या",
  "Home_HP_InternalIssue_Bhandar_Code": "भंडार कोड",
  "Home_HP_InternalIssue_Hp_No": "हप संख्या",
  "Home_HP_InternalIssue_Request_On_Dt": "अनुरोध पर तिथि",
  "Home_HP_InternalIssue_To_Whom": "किसे",
  "Home_HP_InternalIssue_Issue_Init": "समस्या प्रारंभिक",
  "Home_HP_InternalIssue_Issue_Dt": "समस्या तिथि",
  "Home_HP_InternalIssue_Receiver_Init": "प्राप्तकर्ता प्रारंभिक",
  "Home_HP_InternalIssue_Received_By_User_Dt": "उपयोगकर्ता द्वारा प्राप्त तिथि",
  "Home_HP_InternalIssue_Returned_By_User_Dt": "उपयोगकर्ता द्वारा लौटाई गई तिथि",
  "Home_HP_InternalIssue_Issue_Type": "समस्या का प्रकार",
  "Home_HP_InternalIssue_Request_Cancelled": "अनुरोध रद्द",
  "Home_HP_InternalIssue_Is_Lost": "क्या खो गया",
  "Home_BookOverdue_Bhandar_Code": "भंडार कोड",
  "Home_BookOverdue_Book_No": "पुस्तक संख्या",
  "Home_BookOverdue_Is_Lost": "क्या खो गया",
  "Home_BookOverdue_Issue_Tran_No": "समस्या लेन-देन संख्या",
  "Home_BookOverdue_Issue_Date": "समस्या की तिथि",
  "Home_BookOverdue_Issue_Init": "समस्या प्रारंभिक",
  "Home_BookOverdue_Expected_Date": "अपेक्षित तिथि",
  "Home_BookOverdue_Receipt_Dt": "रसीद तिथि",
  "Home_BookOverdue_Receiver_Init": "प्राप्तकर्ता प्रारंभिक",
  "Home_BookOverdue_Prksn_Nam": "प्रकाशन नाम",
  "Home_BookOverdue_Vol_Sub_Vol": "वॉल/सब वॉल",
  "Home_BookOverdue_Reader_No": "पाठक संख्या",
  "Home_BookOverdue_Receipt_Tran_No": "रसीद लेन-देन संख्या",
  "Home_BookOverdue_Book_Remark": "पुस्तक टिप्पणी",
  "Home_BookOverdue_Gatepass_Remark": "गेटपास टिप्पणी",
  "Home_BookOverdue_Detail_Remark": "विवरण टिप्पणी",
  "Home_BookOverdue_Prksn_Key": "प्रकाशन कुंजी"
}